Sample,OtolithID,Na,Mg,P,Ba,Sr,Mn,Zn,Ni,Cu,Rb,Cr,Li,Al,Sc,Ti,Y,Pb,Radius_to_pit,Longitude,Latitude,HaulID
Age-0_edge,c2608,3420.003401,34.95801771,374.0441468,1.480561099,1034.153768,4.889557507,0.988948235,0.149274825,-1.448529646,0.058726225,0.931528759,1.214832828,0.476751879,1,0.183336035,0,0.020098672,1144.33,-3.756,54.4,110
Age-0_edge,c2235,3640.393286,27.1901199,450.866498,4.975441207,1385.538075,0.780320856,1.405473548,0.218533028,-0.029248858,0.114203954,0.938431583,1.656396096,0.636518597,1.034021841,0.224422662,0.001570269,0.023329674,1192.06,-6.486,56.726,105
Age-0_edge,c1557,4093.682801,33.09384027,555.0792665,3.453575123,1781.943024,1.175547185,2.203346778,0.130389346,-0.710985832,0.115034115,1.255893142,1.563244542,1.324230988,1.009456051,0,0.003604347,0.060277558,1110.61,-7.233,58.283,92
Age-0_edge,c2598,3962.103228,41.28796408,479.7051601,1.065328711,975.5696619,8.171680466,0.563338856,0.164247459,-1.016248264,0.079025586,0.983571552,1.753678286,0,1.021640762,0.130168314,0.001999291,0.004186624,1402.97,-3.756,54.4,110
Age-0_edge,c1552,4056.565966,26.50551734,403.3155161,54.8349851,1402.011934,0.682172301,0.801267085,0.152648294,-1.908740267,0.113841583,0.905182784,1.530778673,0,1.022288038,0.097030249,0.005687813,0.012859243,1233.01,-7.233,58.283,92
Age-0_edge,c2807,3679.893194,33.40446798,388.8139655,0.921902326,900.2245179,3.295092074,2.285205475,0.270798778,0.494007051,0.114046967,0.911662832,1.415296534,1.927664148,1,0,0.0017699,0.059759943,1068.43,-5.408,53.581,112
Age-0_edge,c106,3708.385144,32.65880365,584.3742623,4.584358907,2621.944844,2.622860211,1.306820998,0.187926878,-1.184682449,0.033331693,0.777177215,1.407123286,0,1.016002443,0,0.004378968,0.026446194,1198.41,-5.282,55.091,66
Age-0_edge,c2971,3564.465723,29.99727115,389.181928,0.898995982,1163.089306,6.073323976,1.062134851,0.153279803,-2.001851172,0.038421094,0.719259446,1.41126673,0.225751185,1.019909947,0.136046017,0.000362036,0.010373121,1238.08,-4.815,55.463,115
Age-0_edge,c2627,3530.860643,35.11810411,521.4303012,1.695096023,1029.086639,6.24025937,2.277886877,0.256881758,0.948433729,0.087368012,2.182800959,1.312564393,48.38226092,1,0.089551351,0.002132139,0.052741775,1176.09,-3.756,54.4,110
Age-0_edge,c2241,3185.175734,18.72148605,301.8464308,1.913418863,1943.193039,1.144781977,1.07428105,0.175682275,-1.199109197,0.068507242,0.810673439,1.305611801,0.094664098,1.018939195,0,0.002369038,0,1033.39,-6.486,56.726,105
Age-0_edge,c1554,3718.588075,24.08846688,381.4573771,4.525991701,1196.112465,0.442679218,0.572825477,0.131101131,-1.75080194,0.198050277,0.730627162,4.477969767,0,1.024725133,0.011646537,0.003378917,0.006375181,1179.92,-7.233,58.283,92
Age-0_edge,c2972,3237.432165,17.19848347,576.8697227,7.164629572,1602.717237,1.466738374,0.520712748,0.095496831,-3.046480841,0.044426844,0.909219075,1.327331851,0.416218188,1.049037785,0,0.000322205,0.000850929,1037.18,-4.815,55.463,115
Age-0_edge,c1595,4167.20114,23.13931929,453.5636538,8.136278411,1856.142811,1.922979541,0.812587627,0.109555862,-2.125445019,0.139058193,0.835338893,1.502838376,0.152803393,1,0,0.003737695,0,1251.75,-7.233,58.283,92
Age-0_edge,c101,2870.355032,15.35874459,234.5348473,4.238794145,1892.389331,0.602065475,0.63190366,0.578001744,-0.011750337,0.054962633,0.786613259,1.078371417,0.184709229,1.09370398,0.029977219,0.026673295,0,1156.77,-5.282,55.091,66
Age-0_edge,c599,3623.868322,27.18537729,452.0095906,1.304530435,1582.231901,2.80685425,0.430092714,0.562018965,-0.280426745,0.044589595,0.561675532,1.313504395,0.04289607,1.07227963,0.034679015,0.012278048,0,1519.56,-6.834,57.73,79
Age-0_edge,c2195,3082.332721,18.72180931,246.0640572,2.414997456,1739.897897,1.085042886,1.157319957,0.488422092,-0.99808816,0.040859434,1.278287703,1.129657664,10.4200898,1.030510188,0.085845423,0.003949323,0.104220268,968.81,-6.486,56.726,105
Age-0_edge,c2802,3187.041313,34.14163248,336.3229549,2.261517293,2044.164925,2.62052249,0.242161918,0.144736306,-2.306684669,0.036377738,1.082393353,1.272122261,0,1.046988084,0.15436907,0.007686786,0.002588646,1110.6,-5.408,53.581,112
Age-0_edge,c2979,3333.9023,22.13930718,285.2915604,9.35321842,2799.718355,3.438545219,0.274139199,0.173238342,-2.14899673,0.037262876,1.019855784,1.063021372,0,1.019872789,0,0.002825445,0.005538382,983.03,-4.815,55.463,115
Age-0_edge,c640,3066.940147,27.63584983,271.6075547,2.140075677,2724.054872,0.897363862,0.78560434,0.197501941,-0.824065335,0.026371852,0.813996139,1.344112768,0.055407323,1.000546946,0.099084749,0,0.005642306,1434.62,-6.834,57.73,79
Age-0_edge,c2954,3388.912919,30.15182934,383.685257,0.95554256,1252.534155,4.042921456,0.343524414,0.132354125,-1.588737466,0.054980062,0.814843577,1.376365995,0.006412151,1.033602076,0,0.000992399,0,1186.73,-4.815,55.463,115
Age-0_edge,c2622,4132.964738,32.2993383,789.5693715,1.517767488,745.9363189,5.944961474,1.043104054,0.239015547,-0.376409006,0.072371804,1.117078217,1.379553513,4.431443234,1.019507305,0.103174357,0.001811361,0.008333004,1323.63,-3.756,54.4,110
Age-0_edge,c2226,2950.264874,14.46633672,180.5291951,6.763775452,1842.747225,0.827216969,0.459503992,0.211619488,-1.594765431,0.061815602,0.955283974,1.506766725,0.355529888,1.024598347,4.163637405,0.002751395,0.013424586,1140.31,-6.486,56.726,105
Age-0_edge,c2958,3208.453278,20.4196091,608.0611593,4.144201216,1863.065594,2.072765039,1.285703749,0.211710938,-1.185582768,0.007342662,0.975872985,1.191344363,0.626882944,1.019628217,0,0.002083083,0.004429307,1139.52,-4.815,55.463,115
Age-0_edge,c622,3860.792423,24.05599484,589.1898697,3.017172208,1902.152135,0.838450169,1.768162558,0.187831795,-0.184542931,0.043692445,0.990411856,1.300101144,5.297247361,1.028338128,0.041786558,0,0.016922735,1414.18,-6.834,57.73,79
Age-0_edge,c2997,3635.292957,24.86977785,365.1504369,6.746920063,1953.722545,4.340717881,1.202651006,0.766456364,-0.228440335,0.210143397,1.031012465,1.359663271,0.813737968,1,0,0.005397135,0.012926344,1020.44,-4.815,55.463,115
Age-0_edge,c2981,2953.359459,15.36494968,219.3382231,5.086974094,1860.985891,1.970753039,1.747426654,0.571922313,-0.352532195,0.036517245,0.938466243,1.098182903,1.145060309,1.04300291,0.430508763,0.010775772,0.031921888,928,-4.815,55.463,115
Age-0_edge,c1912,3629.956137,21.76886928,486.1933149,1.364300038,2116.766476,0.709183795,0.747490172,0.145737763,-0.895357742,0.073209645,0.835140016,1.172175246,0.165089766,1.023460329,0,0.001574457,0.004570151,1361.84,-6.486,56.726,105
Age-0_edge,c1623,3559.654409,24.51396939,416.5802602,5.564552607,2076.438264,1.526371916,0.663073309,0.135474337,-1.703456421,0.099168681,0.798277643,1.367678995,0,1,0,0.002069674,0.019694676,1056.32,-7.233,58.283,92
Age-0_edge,c2991,3388.026755,20.48817051,238.4018413,1.711364516,1670.770229,1.69106102,0.629572779,0.164387714,-1.441226935,0.054768891,1.002758514,1.408847844,1.904370855,1.015786781,0.197860634,0.002831758,0.000270824,1056.94,-4.815,55.463,115
Age-0_edge,c983,3249.458935,28.80649266,309.7175591,1.596124425,1873.936568,0.355468074,1.143501309,0.155008431,0.401488265,0.038357418,1.274047231,1.480903822,4.271893859,1,0,0.004131251,0.023210341,1376.52,-7.233,58.283,92
Age-0_edge,c2198,3448.427834,21.26513969,299.4217831,1.458057484,1847.234161,0.804188009,0.85687069,0.091131993,-0.547373012,0.073344111,1.149799754,1.167236613,0.521295103,1.013133474,0,0.003110856,0.013793497,1122.48,-6.486,56.726,105
Age-0_edge,c1906,3846.576722,36.96981623,429.3420126,1.794630321,2795.010599,0.944780331,1.010410983,0.194578555,0.949881524,0.051733403,0.928793553,1.45526162,0.597824234,1.02679343,0,0.002154388,0.010615799,1447.56,-6.486,56.726,105
Age-0_edge,c2590,3179.182371,14.81825854,246.4712504,2.782671174,1218.384169,1.360618697,0.586315316,0.145561421,-1.376299652,0.094373739,1.194541688,1.164255843,0.295093358,1.020696414,0.023459658,0.001805849,0.010075525,1415.13,-3.756,54.4,110
Age-0_edge,c2623,3292.805387,30.8431708,307.8910196,1.53011542,1085.752756,5.283998831,1.630064943,0.146432528,0.805210536,0.062573527,0.746539587,1.245848101,0.214645066,1,0.538101924,0,0.022972893,1222.61,-3.756,54.4,110
Age-0_edge,c1606,3914.888949,25.28280631,613.3166855,2.89872439,1282.350153,3.039679082,0.420709982,0.180001294,-0.981829298,0.117824649,1.11744941,1.437036449,0,1.012421411,0.064204446,0,0.014442805,1192.54,-7.233,58.283,92
Age-0_edge,c118,3572.043529,34.83835463,444.7299124,1.570957876,691.4760506,5.910531656,0.582945453,0.205284706,-0.073302966,0.059902081,0.897144621,1.347528051,0.107772194,1.027964741,0.123154533,0.000726927,0.009311447,1150.39,-5.282,55.091,66
Age-0_edge,c607,3655.800957,25.21612542,528.0505327,2.130489624,2520.477955,0.623584569,0.194560644,0.085622565,-2.2643438,0.070262364,0.98546083,1.175232681,0,1.004816082,0,0.004140571,0.011914586,1501.17,-6.834,57.73,79
Age-0_edge,c2755,4137.650317,43.42304074,476.5958179,4.211281932,2309.443336,2.095198913,0.244007674,0.17594897,-1.347979426,0.085978157,0.804064138,1.280343355,0,1.035780979,0.219238322,0.002311485,0,1054.6,-5.408,53.581,112
Age-0_edge,c627,3956.013476,33.6019252,526.6760683,1.804645709,1779.591664,0.75776837,0.495748942,0.147855914,-1.082116084,0.031292748,0.823733647,1.49446089,0.001815791,1.009751915,0.145261305,0.003537751,0,1713.06,-6.834,57.73,79
Age-0_edge,c2995,3510.743312,12.85455159,320.6610927,3.86339713,1478.196695,1.50358982,0.170088059,0.186151914,-1.448276366,0.052302632,0.961321857,1.575934045,0,1.030784147,0,0.002486901,0.007210125,915.45,-4.815,55.463,115
Age-0_edge,c1543,3815.10245,23.92407243,426.8129467,2.238881064,1046.810467,2.970241334,0.790124361,0.208457654,0.652823978,0.094169281,1.007317688,1.398876887,1.174914033,1.018408856,0,0.00407613,0.003856378,1190.76,-7.233,58.283,92
Age-0_edge,c624,3486.635965,25.91823416,292.0162215,4.324208446,2730.783487,0.40276378,0.165551603,0.167674996,-1.592554822,0.055941523,0.993582283,1.34217628,0.137276197,1.046402618,0,0.002718756,0.011815377,1262.69,-6.834,57.73,79
Age-0_edge,c113,2876.130842,19.24459822,189.8430941,0.799895874,924.3346866,1.693086284,0.283340181,0.144998976,-3.240385405,0.04123243,0.902760464,1.224002695,0,1.022959046,0,0.002467839,0,981.61,-5.282,55.091,66
Age-0_edge,c115,3232.436363,22.27564575,418.1121636,0.825115611,975.0077229,2.064970254,0.429742236,0.18705629,-2.009487733,0.025004789,0.978796459,1.296778001,0.125858332,1.038900618,0,0.001600149,0.002402146,1097.82,-5.282,55.091,66
Age-0_edge,c2786,3813.756589,41.76877775,378.9342436,0.984711093,1071.413507,6.99016757,0.985547087,0.188384042,-0.849328843,0.07152989,0.943131502,1.222586559,0,1.028894703,0.08211773,0,0.022800405,1050.4,-5.408,53.581,112
Age-0_edge,c2782,3322.492756,24.50336487,548.0659802,1.994809512,1692.407179,1.540417261,1.418122041,0.198686571,-1.612123367,0.092308169,0.714838972,1.267333123,0.141930786,1.028791985,0.053172389,0,0.024619304,1020.62,-5.408,53.581,112
Age-0_edge,c1632,3714.945593,34.64994206,450.6773216,5.150035724,1661.857727,1.44821638,1.541410058,0.143813423,-0.673740105,0.102429759,0.821188359,1.417058509,0.453505716,1.012739877,0,0.001446153,0.030724399,1422.89,-7.233,58.283,92
Age-0_edge,c643,3435.46688,30.87307842,370.2240694,2.245737371,1939.710399,2.10797621,0.292912163,0.210930169,0.226183881,0.059492269,0.776741425,1.201978959,0.136738356,1.0090325,0.170977998,0.000358382,0.008532821,1753.77,-6.834,57.73,79
Age-0_edge,c2974,3373.082701,22.70578326,387.0390364,1.823422222,1562.243213,1.162021337,0.127266014,0.138620213,-3.644220091,0.054261278,0.967675936,1.744148905,0,1,0,0.003720524,0.008544012,929.04,-4.815,55.463,115
Age-0_edge,c1563,3525.348001,21.47571316,351.8325457,14.2879214,1854.256445,0.420556964,0.491658616,0.453486987,-1.376986096,0.08762191,1.707636887,2.627526612,0.04817457,1.026224804,0,0.004521516,0,1142.02,-7.233,58.283,92
Age-0_edge,c2601,2729.34668,21.41640833,309.7342751,3.187713992,1814.427176,2.479865357,0.137049256,0.203336186,-2.587920705,0.008071569,0.88379522,1.279368079,0,1.004423803,0,0,0.015202436,947.65,-3.756,54.4,110
Age-0_edge,c2193,3517.374546,24.3574696,445.1661576,8.01046929,1771.586033,2.198318967,0.159050128,0.14340423,-1.167351163,0.065001678,0.673471762,1.762780225,0,1.061302933,0.065251685,0.002181986,0.000330978,933.8,-6.486,56.726,105
Age-0_edge,c2790,3182.967628,14.91978683,276.5738993,1.723282418,1850.71543,1.414664649,0.338062774,0.20651298,-0.640283815,0.068487973,0.781830037,1.098234222,0.728771463,1.030979945,0,0.004162041,0.006319684,1402.97,-5.408,53.581,112
Age-0_edge,c603,3540.65195,24.37421533,576.1767079,3.061986124,2319.752931,0.592843751,0.107786168,0.148802314,-2.41057631,0.083662931,0.966156742,1.301116838,0,1,0,0.00109865,0.004877144,1397.7,-6.834,57.73,79
Age-0_edge,c2211,3402.52321,18.43780096,253.5611055,4.941263097,1691.666944,1.361336071,0.302791902,0.168072015,-1.250227168,0.055571877,1.035165148,1.390876256,0.048854586,1,0.212707654,0.00607119,0.00333486,955.53,-6.486,56.726,105
Age-0_edge,c2541,3371.48103,28.13686208,338.1001747,1.606763573,1237.83737,3.346182625,0.341048648,0.125851336,-1.037842729,0.045945569,0.801449973,1.579649812,0.197085963,1,0.088231805,0,0.002009669,1120.38,-3.756,54.4,110
Age-0_edge,c2637,3382.47996,32.53347335,391.8564903,1.525791977,1053.984557,13.97405548,0.183576193,0.125250661,-1.830043079,0.064536464,0.953771608,1.247432515,0.104267496,1,0,0.001124034,0,1011.44,-3.756,54.4,110
Age-0_edge,c2637,3254.395346,28.83940582,405.3502318,0.777500988,1315.319663,3.260813761,0.136636699,0.15644232,-3.044250989,0.045688572,0.942033736,1.369404914,0.254325106,1,0.040378904,0.002306808,0,1400.72,-3.756,54.4,110
Age-0_edge,c117,4683.839387,10.20070287,429.9337579,0.800381219,178.1328253,0.893314795,0.129518621,0.184781878,-2.493332649,0.029401633,0.967543645,1.264166079,0,1.03728314,0,0.000929595,0.007758984,1434.1,-5.282,55.091,66
Age-0_edge,c2562,3576.6213,29.88651147,280.648134,0.903116347,1013.911194,2.043086682,0.12182778,0.130726325,-1.846529585,0.050655494,0.93764688,1.429106844,0.136522299,1.041080829,0,0.003974554,0.001923449,1327.65,-3.756,54.4,110
Age-0_edge,c1590,3347.271917,20.03116134,308.4350286,1.862488288,1671.702615,0.507220118,0.403582501,0.223348907,-1.77984859,0.088966677,0.94790941,1.6711772,0.222326634,1.019184647,0.014543642,0.003013223,0,1278.77,-7.233,58.283,92
Age-0_edge,c1560,3517.797094,15.65808098,318.5029134,2.234802621,1356.812982,0.1,0.146156764,0.198591485,-3.556726014,0.07987655,0.930924238,1.300751643,0,1.036627177,0.120808585,0.000400508,0.003004608,1343.5,-7.233,58.283,92
Age-0_edge,c2980,3532.706272,23.3484996,436.4889706,4.166776941,2377.671811,3.010400843,0.207669416,0.182231739,-1.360147385,0.066528053,0.872861945,1.463264378,0.179306623,1,0.115490383,0.004866184,0.009816367,1089.72,-4.815,55.463,115
Age-0_edge,c112,3389.545113,29.40290629,364.015937,3.072325023,1699.987859,2.677037789,0.316036001,0.209878826,-0.958720545,0.091808845,1.001667602,1.339895669,1.111645868,1.031170389,0.006512439,0.000804059,0.010851048,1120.73,-5.282,55.091,66
Age-0_edge,c2754,4197.834003,38.4741971,537.5385081,3.406189989,2610.694972,6.830734249,0.418304994,0.117605596,0.176804243,0.069412571,1.048165946,1.496241537,0.418531889,1.035354828,0.008868069,0.001247135,0,1067.65,-5.408,53.581,112
Age-0_edge,c2216,2737.289033,13.63177536,193.4306994,1.935290285,2261.371965,0.620711566,1.974168544,0.156045997,0.086967928,0.076949776,0.976853,1.137386291,1.070464873,1,0,0.000823473,0.004011751,1276.28,-6.486,56.726,105
Age-0_edge,c637,3321.242766,26.08334017,238.1513355,1.719008021,1608.761656,1.657423029,1.516151851,0.206570001,0.379406273,0.113031036,4.940410583,1.353659157,1.356057907,1.031359466,0,0.001955355,0.014258987,1479.44,-6.834,57.73,79
Age-0_edge,c2771,3676.832505,35.85683332,472.1981111,1.260142604,1262.242898,2.399153717,0.431545983,0.153871096,-0.574515633,0.066273963,0.927760359,1.191828813,0.179319973,1.018867998,0,0,0.004790355,1321.31,-5.408,53.581,112
Age-0_edge,c2631,3166.810339,23.37027084,326.274972,1.392720027,1300.642,2.745975583,0.268842638,0.177121356,-1.054228218,0.051063933,1.039405297,1.394400949,0,1.009127321,0.0534083,0.001839969,0,1231.02,-3.756,54.4,110
Age-0_edge,c1932,3581.776767,22.98775207,504.3490759,1.305586318,1771.301871,0.6591764,1.151723795,0.143548566,-1.21057912,0.234040073,0.895970132,1.349995112,0,1.031772011,0.220192015,0,0,1300.84,-6.486,56.726,105
Age-0_edge,c110,3442.443444,27.83690926,417.5687977,1.177676656,1516.052642,1.667567505,0.241855335,0.149606795,-1.996298029,0.058318973,0.915131172,1.297950916,0.130576805,1.041142064,0.035797881,0,0,1078.25,-5.282,55.091,66
Age-0_edge,c986,2844.166203,18.39870651,193.9812527,1.583391285,1666.512577,0.463029236,0.118616305,0.106404775,-2.365307973,0.03515356,0.865226893,1.214126239,0.101332426,1.025930497,0.093024819,0.000933123,0.003016121,1515.31,-7.233,58.283,92
Age-0_edge,c2186,3381.9496,19.41144359,327.7519475,2.178243628,1896.792603,1.211516683,0.169180406,0.17062653,-2.04434341,0.059020793,0.905695346,1.141087908,0.11663794,1.054366447,0.100047668,0,0,1209.87,-6.486,56.726,105
Age-0_edge,c1929,3135.694784,20.77877901,320.7382845,0.809469919,1229.249497,1.022450961,0.198969179,0.107304822,-1.605514651,0.061092513,1.103874034,1.212833986,0.38745367,1.029456755,0.020471216,0.000388172,0.004089817,1516.48,-6.486,56.726,105
Age-0_edge,c625,3954.865271,29.60872236,540.8897693,1.690610989,1701.175502,0.747902623,0.245635684,0.18611296,-0.993487286,0.07039293,0.752031901,1.447462009,0.541993137,1.034713393,0.088040839,0.004183901,0,1643.94,-6.834,57.73,79
Age-0_edge,c600,3380.701982,27.95700506,277.994586,1.461559235,1593.872343,0.995634919,0.156649693,0.144809482,-1.58522294,0.074787809,0.693506832,1.34652012,5.892824266,1.022624032,0.083661457,0.002392647,0,1318.26,-6.834,57.73,79
Age-0_edge,c2192,3231.194084,28.40728302,464.1927514,3.706073084,1764.186246,3.26963738,0.209016154,0.190031447,-0.969127295,0.083174785,0.9245313,1.415424239,0.059187734,1.030516821,0,0.005493287,0.005728888,1136.38,-6.486,56.726,105
Age-0_edge,c2803,3281.073682,31.34571261,486.5321293,1.337000459,1417.72985,3.449442409,0.509292453,0.141781158,-1.431011008,0.03242949,0.925596384,1.268839016,0.376492236,1.003360162,0.522526934,0.000555609,0.019462655,1303.31,-5.408,53.581,112
Age-0_edge,c2227,2879.829069,20.14517921,287.1875715,11.0769046,1909.101253,0.508421559,0.393383228,0.155477425,-1.789878113,0.054817591,0.844996068,1.253484824,0,1.011596977,0,0.003725607,0.004402701,1209.71,-6.486,56.726,105
Age-0_edge,c108,2638.293578,15.70001036,226.8560388,1.993610088,2073.094678,0.738813376,0.088456186,0.142903189,-2.037612721,0.023823383,0.966266403,1.270165462,0,1,0,0,0.008424994,1301.15,-5.282,55.091,66
Age-0_edge,c642,2787.275417,20.32016061,240.3792338,1.479717846,2106.972975,0.590569864,0.296459263,0.148743928,-1.16652427,0.036035597,0.902771143,1.263403284,0,1.015370746,0.005934537,0.00070662,0.005067196,1325.01,-6.834,57.73,79
Age-0_edge,c2779,3508.136806,30.01235095,475.9325891,1.682153759,1378.031928,6.073104265,0.160077745,0.152651528,-0.72320391,0.043818662,1.07478727,1.339119432,0.166987093,1,0,0,0.002931119,1071.41,-5.408,53.581,112
Age-0_edge,c2757,3073.469017,28.18974539,225.7883346,1.650856069,1365.060802,5.589248656,0.225626747,0.141672568,-0.230006352,0.048996436,0.767504732,1.347993525,0.10872565,1.026905247,0.047407399,0.000460791,0.001929545,957.96,-5.408,53.581,112
Age-0_edge,c2188,2987.358042,23.92472093,496.7723671,1.399630805,1695.024043,0.810185009,0.9269083,0.148175792,-0.451904497,0.096283428,0.794146464,1.291058644,0.200514919,1.018284048,0.025528674,0.001430515,0.005342609,1330.74,-6.486,56.726,105
Age-0_edge,c2963,3532.810923,38.04121941,663.9952091,2.8274308,2172.635503,4.263408387,0.33401478,0.148300731,-0.494274968,0.058216776,0.88681135,1.326723939,0.426769026,1.012090753,0.00542136,0.001785139,0.003624052,1376.06,-4.815,55.463,115
Age-0_edge,c2975,3188.547024,24.32806964,344.0498187,0.797804788,1363.2888,2.086948555,0.098873077,0.151933791,-0.935764449,0.048175213,0.889514925,1.232832524,0.254694242,1.009537028,0.068348518,0,0.001189268,1259.96,-4.815,55.463,115
Age-0_edge,c2596,2664.389418,26.69863777,310.2503903,1.130193706,1224.358724,4.184229889,0.532156182,0.117749318,0.54165096,0.05887249,0.758264313,1.25191602,0.504790045,1.005317352,0,0.00088061,0.004774961,1278.8,-3.756,54.4,110
Age-0_edge,c1622,3240.045527,28.41666192,416.9423899,1.444552111,1837.490808,1.391259442,0.789268566,0.317409001,0.165017959,0.085316031,1.055109101,1.276663275,1.034416666,1.017853703,0.051656027,0.001500976,0.104008002,1507.7,-7.233,58.283,92
Age-0_edge,c2552,2855.781805,14.01425794,316.1349347,6.355397982,1119.532347,0.1,0.367634935,0.130662588,-0.64956238,0.059010363,0.060846592,1.056426716,0,1,0,0,0,1517.12,-3.756,54.4,110
Age-0_edge,c2559,3318.953866,30.46738003,334.0095974,1.765230292,688.8626476,4.699317498,0.17120838,0.199052496,-1.68465509,0.050204809,0.86380349,1.22025615,0.147038128,1.022860072,0,0.004133263,0.00138826,1077.5,-3.756,54.4,110
Age-0_edge,c111,3400.824649,27.41631837,603.4023132,5.819836647,1443.290603,1.349008263,0.247134425,0.162200616,-1.475862445,0.051230865,0.928214178,1.202429269,0,1.024139633,0.1216205,0.002016342,0.00216851,1296.2,-5.282,55.091,66
Age-0_edge,c1917,3414.333316,25.02864611,552.0997003,1.166254701,1614.217387,0.75010471,0.109480112,0.153810277,-2.009376441,0.071219598,0.890272919,1.186285582,0,1.018620196,0.093869693,0.000264615,0,1462.2,-6.486,56.726,105
Age-0_edge,c2603,3594.455794,38.9071813,218.9849249,2.138505653,1443.363894,5.959588199,0.114035089,0.148588938,-2.475654744,0.035953536,1.189035868,1.354137954,0,1.023712743,0.037605171,0.001365431,0,1138.55,-3.756,54.4,110
Age-0_edge,c2203,3162.151139,21.59973272,378.2060565,3.535079955,2245.787081,1.097554987,0.335588975,0.177049766,-0.468291253,0.084825233,1.177321185,1.350956943,1.660373623,1.016123498,0.005830246,0.000783081,0.010696657,1335.32,-6.486,56.726,105
Age-0_edge,c104,2881.231728,25.16644215,238.8883759,1.760909627,1360.322067,3.044248399,0.129506131,0.159395695,-2.043355477,0.035263233,0.950112659,1.275124088,0,1.014509437,0.028054754,0.001622041,0,1296.02,-5.282,55.091,66
Age-0_edge,c2759,3645.161293,37.31368025,433.4038459,2.73276363,2599.472871,2.201498598,0.13521651,0.097382508,-2.037400118,0.040586708,0.970272624,1.278361812,0.310033196,1.001577205,0.043591829,0.000520132,0,912.16,-5.408,53.581,112
Age-0_edge,c2745,3225.613659,29.89860061,422.163615,1.234052535,1916.65454,4.602820105,0.198239792,0.149223925,-1.342043335,0.043975155,0.879469583,1.256610617,26.91988537,1.015297171,0,0,0.002115786,1398.53,-5.408,53.581,112
Age-0_edge,c2184,3033.030543,14.66131007,182.1740986,2.11594431,1531.967878,0.798843239,0.083883443,0.166779622,-1.77797354,0.047161958,0.76477876,1.120833962,0.145438892,1.016907622,0.071575468,0.002988139,0,1169.83,-6.486,56.726,105
Age-0_edge,c102,2705.923382,18.19711682,318.3614744,4.636377731,2245.379479,1.307713983,0.130650759,0.341318715,-0.854776814,0.061772983,0.612886232,1.219870525,0.289554665,1.067618994,0,0.01157179,0.037701328,1150.25,-5.282,55.091,66
Age-0_edge,c2804,3453.261418,31.63037343,485.7004294,3.346659524,2829.813221,2.098255923,0.269871847,0.168739544,-2.923878564,0.058371187,1.393334141,1.319463464,0,1.039401842,0.006315333,0.003773267,0.001881267,1162.73,-5.408,53.581,112
Age-0_edge,c2633,3021.468942,30.49447557,366.8755315,2.125132956,1385.809702,2.935072069,0.24571754,0.16859449,-1.798213272,0.054509536,1.662886662,1.331624408,0,1.020820465,0.106787425,0.003505662,0.009343024,1203.68,-3.756,54.4,110
Age-0_edge,c2548,4021.893186,44.25749378,797.2944433,1.649311532,1226.956634,8.77504441,0.511136546,0.113748164,-1.068765001,0.098730432,0.785182884,1.526782957,0.010498211,1.007176687,0.063934986,0.000455679,0.004171184,1167.45,-3.756,54.4,110
Age-0_edge,c2749,2923.094706,22.23464372,404.8891042,1.464634917,1567.550397,2.39415362,0.190188309,0.141380812,-1.180415998,0.031792789,0.913392466,1.217552064,0,1,0,0.002218124,0.002334199,1194.9,-5.408,53.581,112
Age-0_edge,c2756,3515.590605,41.59344343,460.8443788,4.626794943,2850.172371,2.019280357,0.428977077,0.099512884,-1.368709426,0.066283349,0.765288815,1.382510347,0,1.010920749,0.046374983,0.005825421,0,983.76,-5.408,53.581,112
Age-0_edge,c116,3020.919426,27.61252644,366.618629,1.076772326,1599.643246,3.140038962,0.161757592,0.070832931,-1.692692167,0.043682873,0.84455461,1.32477939,1.357369325,1.02109078,0,0.000300902,0.009319617,1384.08,-5.282,55.091,66
Age-0_edge,c635,3369.464658,22.71942164,480.8588366,1.574398243,2791.525147,1.322470765,0.297676391,0.106813809,-0.66664608,0.04672576,0.935531376,1.171457446,0.081506636,1.0366736,0.026876493,0,0,1485.77,-6.834,57.73,79
Age-0_edge,c626,2936.458394,19.40341518,234.1096659,2.378878697,2312.819832,0.932257414,0.358827201,0.111717565,-0.830542381,0.095034435,0.776752853,1.334546261,0.273716912,1.008459884,0.046566747,0,0.003325397,1482.93,-6.834,57.73,79
Age-0_edge,c602,3229.400799,24.55963893,431.4906497,2.627221594,2147.661255,1.003809063,0.233589376,0.132331026,1.026152801,0.044536236,0.880618725,1.408540653,2.79599765,1.006276131,0,0,0.015651358,1395.83,-6.834,57.73,79
Age-0_edge,c2629,2744.230032,21.00880381,402.1593624,4.292643464,1922.530323,0.654623024,0.60527378,0.179866686,-0.589955392,0.073817419,0.853176606,1.21970363,0.299736812,1.017196438,0.070232689,0.001543947,0.023700125,1424.25,-3.756,54.4,110
Age-0_edge,c2572,2410.295035,13.73816468,365.7137683,6.069262745,1684.949872,0.745016012,0.142012235,0.106956312,-2.181113701,0.078841627,0.888860356,1.21216029,0.295496242,1.01931579,0.048863189,0.000301943,0.002737752,1636.78,-3.756,54.4,110
Age-0_edge,c2987,3214.863734,23.31829274,296.2071521,1.141835114,1461.6432,1.613071981,0.434687212,0.162282897,-2.553484053,0.036411029,0.920427164,1.266280657,0.061007871,1.007617883,0.026268036,0,0.006348193,1089.92,-4.815,55.463,115
Age-0_edge,c2809,3698.269584,45.46260962,446.7456134,2.171014271,2145.087193,2.480983305,0.386868286,0.111585599,-1.114983424,0.050137392,0.914607812,1.373291182,0,1.024961534,0.015279693,0,0.00186287,1250.43,-5.408,53.581,112
Age-0_edge,c2967,3069.042733,26.26325975,501.71339,2.661628669,2843.923505,1.906847223,0.247530197,0.172348099,-1.1795332,0.056585107,0.907795125,1.294367323,0,1.009848594,0.050142705,0,0.004833719,1032.26,-4.815,55.463,115
Age-0_edge,c2799,2567.762188,17.55106601,239.3701889,0.882473113,1970.946947,0.901056377,0.179770983,0.185196985,-1.066872582,0.059102745,0.88452403,1.1953243,0.266501757,1.001275746,0.01561173,0.000570964,0.013731347,1693.35,-5.408,53.581,112
Age-0_edge,c614,3292.372526,29.19307475,383.7288407,2.34121878,2468.778667,13.0097189,0.184225208,0.147226446,-1.472745704,0.042164413,0.724914891,1.26780996,0.148355706,1.022172808,0.015445764,0.001425727,0.007067864,1562.45,-6.834,57.73,79
Age-0_edge,c1594,3651.241955,31.05830175,443.299037,2.978266743,2483.47476,0.515981951,0.148122334,0.151129508,-1.399192759,0.081438524,0.849542608,1.319596945,0,1.02227552,0.052273114,0.002914833,0.006184497,1424.38,-7.233,58.283,92
Age-0_edge,c114,3040.88476,24.5011938,304.9851828,2.040765885,2258.253421,1.67253657,0.198477274,0.125267795,-2.113595379,0.044039268,0.798340637,1.274380807,0.02440155,1,0,0,0.00634671,1488.21,-5.282,55.091,66
Age-0_edge,c2245,3134.843793,29.04042157,396.5615819,1.470905194,2544.939523,0.528930449,0.249572923,0.095707827,-3.253576802,0.051490693,0.684348481,1.269269518,0,1.014139586,0.016525414,0.004474275,0.006988676,1419.1,-6.486,56.726,105
Age-0_edge,c1546,3820.722495,30.8321934,537.9441086,3.943333424,2281.540577,0.822807765,0.178526505,0.119029572,-2.731147193,0.066718658,0.972827066,1.375767938,0.046140498,1.022968804,0.11995915,0.0035706,0.00912551,1703.12,-7.233,58.283,92
Age-0_edge,c608,3638.448889,29.45514846,396.8916884,1.289541474,1978.382413,1.041488897,0.284389686,0.121480703,0.592678392,0.047073469,0.905752055,1.295121789,2.515656143,1.021983493,0.133684097,0.001280951,0.032144,1692.12,-6.834,57.73,79
Age-0_edge,c1609,3125.740698,17.93864741,379.6548401,6.878429077,1914.028736,0.288835724,0.095325975,0.169234843,-2.544376548,0.064940223,0.790678889,1.244730377,0.132710902,1.01203813,0.029065122,0.002593521,0.00049611,1372.91,-7.233,58.283,92
Age-0_edge,c120,3257.598869,31.5706838,555.6878765,1.427197689,1271.067918,2.696433219,0.287931252,0.132122336,-2.204333507,0.047065631,0.766567744,1.214833458,0.270768804,1.019695443,0.051657999,0.001916784,0.01496683,1396.21,-5.282,55.091,66
Age-0_edge,c105,3157.249525,23.25999057,397.3391382,0.722332949,1527.441166,2.770472571,0.109259958,0.091931628,-2.573818372,0.045985055,0.977165586,1.22455851,0.019547864,1.026017338,0,0.000600096,0,1200.66,-5.282,55.091,66
Age-0_edge,c2780,3598.481235,36.41390692,467.8622048,1.775931029,2338.610085,1.281270048,0.221150386,0.137764592,0.491545855,0.135992566,0.86021457,1.410092865,0,1.002532394,0.057946504,0.001982656,0.008344219,1177.86,-5.408,53.581,112
Age-0_edge,c1548,3746.746,28.90596066,464.0685253,2.822350506,2289.317599,0.913334657,0.150413075,0.130615162,-3.307984637,0.072373082,0.990026495,1.338523948,0,1,0.095072419,0.001120533,0.010694847,1520.81,-7.233,58.283,92
Age-0_edge,c1583,2944.1178,16.90039157,415.5244173,5.166142363,1976.158576,0.52461968,0.295006892,0.078252514,-2.51399712,0.060063463,0.669018515,2.49637642,0.807248194,1.016975187,0,0,0.007315923,1296.39,-7.233,58.283,92
Age-0_edge,c2998,2827.925513,20.95180462,125.4043376,0.743668911,1384.098705,1.591814899,0.332800837,0.141125142,0.630849565,0.035925203,0.809116651,1.202429487,0,1.017101084,0.044578109,0.004488975,0.000167333,1041.74,-4.815,55.463,115
Age-0_edge,c629,3271.100251,28.25775793,407.8556169,0.880259314,1605.510336,0.843559078,0.130183855,0.131943123,-1.190624298,0.041908053,0.81231334,1.256123901,0.245999127,1.008465902,0.09339328,0.000389299,0.004944213,1371.32,-6.834,57.73,79
Age-0_edge,c2973,2933.808594,23.43765316,348.2606111,1.519798066,1786.32591,1.492233712,0.177280098,0.124695991,-0.457964172,0.033343251,0.751729317,1.198292934,0,1.003480516,4.053736368,0,0.006053817,1223.46,-4.815,55.463,115
Age-0_edge,c2744,2572.554717,12.63544224,351.2682823,2.209623805,2354.82253,0.329128308,0.112366982,0.111130584,-2.056900117,0.05741147,0.78895529,1.177595668,2.928873197,1.009892125,0.023736551,0.004556965,0.018604584,1814.11,-5.408,53.581,112
Age-0_edge,c2957,2742.360025,18.60094,262.807715,3.96098248,2767.292629,0.67082286,0.175649361,0.139148742,-2.862206715,0.025530556,0.734053189,1.175535815,0.062422853,1.010361025,0.285905284,0.003302898,0,1080.32,-4.815,55.463,115
Age-0_edge,c2956,3284.1658,26.74195484,331.0622989,1.13038034,1817.566795,3.090393007,0.121691641,0.11910869,-1.840705273,0.0361971,0.934849863,1.312874499,0,1.010590804,0.056011102,0.003760015,0.016696105,1155.32,-4.815,55.463,115
Age-0_edge,c605,2627.441245,17.47579153,260.2849777,1.819813056,2391.331398,0.66991918,0.111884026,0.101403131,-3.843074148,0.033286592,0.886516568,1.199930739,0,1,0,0.002917412,0,1437.57,-6.834,57.73,79
Age-0_edge,c2951,2835.966817,21.531492,235.2112517,0.828196947,1419.333195,1.780266167,0.144014068,0.128317098,-3.063267228,0.036821101,0.83598331,1.217838891,0,1.007875288,0.044933513,0.001199242,0.003206913,1349.12,-4.815,55.463,115
Age-0_edge,c119,3684.300344,38.10659162,600.0653464,0.60122049,1124.939363,2.572844313,0.353805727,0.109204237,-1.713113704,0.064274346,0.844486537,1.296153195,3.842086915,1.006644523,0.296608076,0.001523851,0.014165691,1401.74,-5.282,55.091,66
Age-0_edge,c107,3285.953796,29.52783037,487.6939672,1.442016177,1840.208485,2.029722441,0.131088454,0.188877897,-3.135012134,0.035829136,0.891159129,1.492335883,0,1.012463105,0.024782778,0,0,1233.68,-5.282,55.091,66
Age-0_edge,c2640,2722.021451,22.59912009,227.2575659,1.579018729,1803.694595,1.421019373,0.163090382,0.132245132,-4.177101092,0.044107639,0.914665454,1.303080155,0.06496481,1.018078145,0.028701363,0,0.003485867,1047.22,-3.756,54.4,110
Age-1_Oct_equiv,D2254,4415.386105,39.59952723,592.2130465,7.180021797,643.1896152,15.61296827,1.505179089,0.172198921,0.406805737,0.088084199,1.236935395,1.719726424,24.36902463,1,0.013506572,0.001302795,0.039758666,319.79,-3.711,54.273,135
Age-1_Oct_equiv,D687,3018.594728,13.75960087,111.3099935,2.467437973,2521.523414,0.721551563,0.17732654,0.135373865,0.297878725,0.078600863,0.991279194,1.327451438,0.039952283,1.01212699,0.017148212,0.004073097,0.002207399,1228.55,-7.352,58.262,124
Age-1_Oct_equiv,D808,4127.461226,40.92214483,311.9361186,23.31810307,1619.003282,1.750814568,4.038017778,0.185610036,0.973429611,0.115023012,0.833878908,1.464085067,0.671703346,1.018721058,0.156602721,0.001222483,0.064490365,802.59,-6.704,57.129,123
Age-1_Oct_equiv,D263,3984.164863,34.16940987,348.3711544,5.642547121,1858.636955,3.997689685,1.673748805,0.18667317,0.804534136,0.124887069,0.676251589,1.512769481,0.266689758,1.007706692,0,0.002974546,0.010759411,717.93,-5.223,55.414,121
Age-1_Oct_equiv,D771,3443.598537,22.31359744,200.3921656,2.611699952,815.3656569,1.594070163,1.138697816,0.166949999,0.387574345,0.113397283,1.128016532,1.314210119,0.776220023,1.017966672,0.129840093,0.001236219,0.012968031,928.27,-6.704,57.129,123
Age-1_Oct_equiv,D250,3453.875322,25.55779146,157.4898153,5.800417672,1471.900294,14.59628559,0.599878151,0.149502331,0.207299767,0.013839755,1.012118849,1.248358136,0.100442756,1.025413568,0.030735734,0.002306273,0.003936574,434.18,-5.223,55.414,121
Age-1_Oct_equiv,D303,3459.338809,24.77633766,408.1745909,26.57723894,1372.368299,5.4287152,0.631538434,0.046023652,0.24934953,0.026690256,0.684556515,1.203498479,0,1,0,0,0,280.61,-6.761,56.188,122
Age-1_Oct_equiv,D603,3771.679385,32.52829254,454.638238,11.48064542,1359.781613,1.866177098,1.034422361,0.222828531,0.727878253,0.059661835,1.061044921,1.720139072,0.466886105,1,0.268676415,0.000428457,0.033781021,1062.48,-7.352,58.262,124
Age-1_Oct_equiv,D373,3617.045065,26.70659408,302.5812692,3.414100627,826.9497357,4.301566352,0.761876231,0.28905234,0.821878886,0.095025608,0.730858056,1.297260997,0.356939382,1.005149476,0.867738673,0.001983569,0.002102337,756.86,-6.761,56.188,122
Age-1_Oct_equiv,D1112,3330.450608,19.94250712,146.9278506,1.209053647,694.3455839,3.457928376,2.852490558,0.303544206,3.004457556,0.035729663,0.821821472,1.192219837,2.38105131,1.01548876,0,0.000711867,0.036914116,729.01,-5.419,58.673,127
Age-1_Oct_equiv,D1104,3466.140582,19.42176581,458.4294986,0.941016383,800.8705444,0.402584813,1.052946646,0.12442297,0.474858022,0.048815141,1.075213412,0.72445773,0,1.011129301,0.077484471,0,0,1942.64,-5.419,58.673,127
Age-1_Oct_equiv,D418,3375.267429,15.46438028,257.4399567,3.323670044,2066.186857,0.555146336,0.458678905,0.139529168,0.214463355,0.108101085,0.980988264,1.198206519,0,1,0,0,0.004414061,1367.31,-6.761,56.188,122
Age-1_Oct_equiv,D216,3322.039412,22.51578073,189.4501999,1.775406913,1667.821383,8.504262444,0.22532695,0.107530745,0.062075009,0.063769313,0.879018464,1.402480659,0,1,0.031867136,0.00299041,0,490.79,-5.223,55.414,121
Age-1_Oct_equiv,D237,3558.391698,20.73020196,245.9205069,6.661175016,1551.832229,3.926136531,0.541476557,0.184882714,1.266406951,0.087599126,1.041192008,1.024309658,0.10411794,1.006051138,0.016684977,0.001491123,0,750.34,-5.223,55.414,121
Age-1_Oct_equiv,D1076,3857.595839,35.11279442,323.2200846,1.113242054,874.8305066,2.430944399,1.06969923,0.147263548,0.571212917,0.058235531,0.919318545,1.318934097,0.064861567,1,0.028531508,0,0,832.89,-5.419,58.673,127
Age-1_Oct_equiv,D785,3598.801972,23.17137794,256.8159028,4.653921944,1261.555453,1.84107192,0.432588558,0.116850949,0.294809918,0.025054589,0.683388049,1.747701326,0.175206113,1.039615294,0,0.00340629,0,856.38,-6.704,57.129,123
Age-1_Oct_equiv,D978,3764.291443,45.41922979,484.2955126,2.246933656,1665.555235,3.57414278,0.456220716,0.160803884,0.091263782,0.031801252,0.889394113,1.211534954,0,1,0,0.002650894,0,941.91,-3.763,53.482,126
Age-1_Oct_equiv,D813,3607.280699,28.9285679,162.1464584,5.700776467,1386.972598,1.57908338,2.771688514,0.487006418,0.684444397,0.083911807,0.798749493,1.158841237,0,1.073547596,0.072639912,0.010174541,0.003796133,874.73,-6.704,57.129,123
Age-1_Oct_equiv,D1102,3502.235135,26.70522448,282.5247052,1.915547836,1369.10437,1.67050884,0.968453714,0.498739431,0.526898916,0.042495696,0.826076972,1.524706014,0,1.075020313,0.013905827,0.004852316,0.005877609,916.99,-5.419,58.673,127
Age-1_Oct_equiv,D696,3343.310241,26.12448856,235.0197514,3.878181726,1203.206042,1.475117556,2.264764631,0.644006163,0.84339824,0.065450964,0.989686795,1.732042174,3.36557676,1.015012368,0,0.010146346,0.127518091,1178.8,-7.352,58.262,124
Age-1_Oct_equiv,D693,3851.436527,30.1822682,357.691029,1.176960011,1551.34688,1.707116708,3.949044045,1.563203326,3.882389242,0.088324907,2.237630597,1.431853163,5.377976188,1.058055652,0.071681203,0.003739145,0.356326205,696.93,-7.352,58.262,124
Age-1_Oct_equiv,D560,2955.269773,17.9841584,150.1436598,2.304238024,1611.106996,1.524610783,0.819572328,0.271575697,1.003223914,0.043549735,0.954521229,1.530750723,0.047566543,1.005473858,0.109306634,0.001405202,0.007068315,609.19,-8.683,57.309,118
Age-1_Oct_equiv,D2258,3448.841961,36.79312654,280.545355,3.053214996,1323.912349,9.5916643,0.367166724,0.151839953,0.645843781,0.03994164,0.884323152,1.451869379,0,1.040280162,0.015337427,0.001695704,0,665.65,-3.711,54.273,135
Age-1_Oct_equiv,D1818,3911.724114,35.47923791,411.7322279,1.654374771,1839.209283,15.21823253,0.247006003,0.167366178,0.276033195,0.086608861,0.754916628,1.397504991,0,1,0,0.003982422,0.003732089,330.61,-5.69,53.626,136
Age-1_Oct_equiv,D1796,3698.358657,26.70012884,244.2002844,3.148032857,1700.127242,20.8623965,2.791006965,1.844663631,2.125144812,0.156968333,0.960430443,1.427528375,0.61423401,1.038906636,0,0.001000982,0.010872437,254.84,-5.69,53.626,136
Age-1_Oct_equiv,D39,3603.202605,22.94366927,331.1842013,1.142842727,1358.868256,2.967701684,0.772127874,0.283944889,0.641520392,0.108728079,0.748997346,1.252080544,0.153096852,1.005817738,0,0,0,716.46,-5.89,58.005,117
Age-1_Oct_equiv,D835,3440.90693,32.05192739,337.0523794,2.236054867,1463.28859,1.347950373,0.256359756,0.133937402,0.25547326,0.095312501,0.932012177,1.391108593,0,1.019883796,0.147993786,0.001768638,0.001562733,947.37,-6.704,57.129,123
Age-1_Oct_equiv,D241,3139.611054,20.52840423,220.1470199,5.73328793,2072.366392,4.895088778,0.7515965,0.199910548,0.807682135,0.0846571,1.104289349,1.212591839,0.190390565,1.024618318,0.04052292,0.002805114,0.001765695,433.51,-5.223,55.414,121
Age-1_Oct_equiv,D29,3554.212802,23.64607854,356.1701463,3.381394136,1562.932947,1.962838569,0.409936274,0.201863978,0.381015341,0.106993644,0.892918224,1.199945607,0,1.017606754,0.060039419,0,0.000537272,814.83,-5.89,58.005,117
Age-1_Oct_equiv,D581,3612.79171,22.83235378,230.1119047,15.95692443,1524.826568,9.745763518,0.754831777,0.481459845,1.131660626,0.07765713,0.745821508,3.310288275,0,1.011831621,0.136603583,0.005199887,0.011067305,448.63,-8.683,57.309,118
Age-1_Oct_equiv,D126,4155.213308,30.20968774,364.1441875,35.85203088,2102.264664,3.610535534,4.617676515,3.373166157,3.27073377,0.222734757,1.184257823,2.029708856,3.453092824,1.040383845,0,0.005759981,0.034771362,605.51,-8.683,57.309,118
Age-1_Oct_equiv,D1711,3224.037733,29.76111108,250.8082773,1.428303566,1412.865502,1.860956585,0.045870274,0.103575671,0.127239975,0.057260464,1.051644259,1.269674515,0,1.052251212,0.018021074,0,0,949.91,-3.711,54.273,135
Age-1_Oct_equiv,D68,3704.86665,31.12010227,565.0540987,7.787519367,779.2270514,1.368018077,0.33671724,0.211788181,0.422800731,0.100784631,0.774316053,1.374673673,0.180408104,1.048498161,0.037283205,0.00069542,0.0032077,1069.29,-5.89,58.005,117
Age-1_Oct_equiv,D1728,3284.959792,24.28123566,183.58239,1.761568115,1043.850511,7.912452026,0.766153281,0.076512741,0.25295491,0.015858612,0.961969413,1.377080004,0,1.007956224,0,0.000805771,0.00859558,641.85,-3.711,54.273,135
Age-1_Oct_equiv,D558,3549.291592,25.44407413,329.8491511,3.152438692,1670.701877,2.245757715,0.206751615,0.131530038,0.350855319,0.085255436,1.040316578,4.318712834,0,1.006876413,0,0.002521294,0.009668022,364.93,-8.683,57.309,118
Age-1_Oct_equiv,D411,3446.437781,26.63928129,200.7144432,2.32065827,1331.651218,3.002445557,0.29162482,0.145731576,0.642443427,0.108255749,0.850355793,1.262137503,0,1,0,0.002309757,0.005990792,568.89,-6.761,56.188,122
Age-1_Oct_equiv,D690,3467.649479,29.47491965,203.7872755,2.755549556,1337.805672,2.194692665,2.086282613,0.223578856,0.421765006,0.074738324,1.163126207,1.305645768,0.399391253,1.006975274,2.673301757,0,0.037543506,1061.35,-7.352,58.262,124
Age-1_Oct_equiv,D1044,3611.966801,22.68500283,350.9052059,1.193988256,1421.878928,1.293188955,0.552138776,0.160694871,0.579696557,0.074170641,0.88217327,1.397259066,0.089985341,1,0,0.002025328,0,898.85,-5.419,58.673,127
Age-1_Oct_equiv,D235,4411.473166,27.41875785,520.6859409,1.63566151,167.5064269,15.53228501,1.999492379,3.031095605,11.35557972,0.349682883,1.080289944,1.438970454,4.612151078,1.008354795,0,0.004658179,0.032005332,578.3,-5.223,55.414,121
Age-1_Oct_equiv,D716,3538.219646,27.37596037,321.8743949,1.307092606,983.6793811,5.019850496,0.443766723,1.044480695,3.870260742,0.177705485,0.736231058,1.136735644,1.671382475,1.006768195,0.104100855,0.004799691,0.006748374,785.86,-7.352,58.262,124
Age-1_Oct_equiv,D2317,3590.523661,21.45479032,278.9359844,5.981029751,1689.118892,4.134766173,0.473233845,0.27253381,0.737956107,0.095073477,0.714287413,1.125366817,0.447443457,1.038286722,0.020771332,0.003307614,0,537.96,-5.69,53.626,136
Age-1_Oct_equiv,D268,3493.180246,23.66970709,198.6749547,1.403105634,1236.739715,14.80918619,0.542534043,0.296447368,0.662780487,0.05361135,1.148459013,1.44515396,0.375503425,1.029700783,0.053008509,0,0,448.85,-5.223,55.414,121
Age-1_Oct_equiv,D128,3799.683332,18.10789531,198.8510434,9.924563958,1378.312798,2.308061558,0.4658946,0.148029589,0.358614361,0.086167227,0.94786288,1.55691645,0.425507103,1.018217416,0.016243548,0.003058748,0.006588374,701.88,-8.683,57.309,118
Age-1_Oct_equiv,D613,3455.423155,27.76752919,283.5536571,4.948578321,1468.980326,3.474581599,0.383450541,0.171176067,0.583054836,0.062245687,0.970575931,5.202336624,0.116690818,1.006305475,0,0.000330095,0.002614865,646.06,-7.352,58.262,124
Age-1_Oct_equiv,D440,2848.171633,8.201042081,475.6084265,0.892618716,1884.421051,0.344882312,0.349412832,0.127242854,0.175814753,0.064145134,0.984709628,1.236527189,0.316213855,1,0,0.00297101,0.00856046,1297.49,-6.761,56.188,122
Age-1_Oct_equiv,D1835,3911.01695,30.74272212,505.0550845,2.488991331,1244.487854,3.567122725,0.30086346,0.493163465,0.862714213,0.159682184,0.879380792,1.418554932,0.349881863,1.005970008,0,0,0.002167595,325.63,-5.69,53.626,136
Age-1_Oct_equiv,D413,3437.058026,21.6441798,282.5200602,8.012021489,1417.936708,4.262862119,0.213011925,0.101998788,0.330204657,0.060204327,0.983655826,1.445039238,0.007685868,1.036238075,0,0.003434744,0.002728224,849.68,-6.761,56.188,122
Age-1_Oct_equiv,D2239,3559.282637,37.89592057,411.8538841,4.012908621,1436.625118,7.019584134,0.226988288,0.13947844,0.259859298,0.034976403,0.977313026,1.317506091,0,1.01377877,0,0.001407514,0,971.68,-3.711,54.273,135
Age-1_Oct_equiv,D508,3242.769219,22.02183179,152.0418752,5.994589183,1605.815734,1.32749264,0.15205752,0.12427847,0.103105733,0.070847622,0.914825351,1.225323762,0,1.02829206,0.055926924,0.003046383,0.000999398,734.31,-6.704,57.129,123
Age-1_Oct_equiv,D842,4195.886856,26.08953522,397.8152953,1.583326729,854.3787044,1.911846375,0.157882411,0.171829972,0.126757738,0.082922094,1.331326578,1.117383182,0.009405171,1.020132472,0,0.003424747,0,1201.3,-6.704,57.129,123
Age-1_Oct_equiv,D726,3384.984306,26.15595361,354.8782223,4.877952921,1439.019881,1.389969568,0.125000436,0.183088563,0.146966385,0.061561363,0.746983017,1.481076548,0.043247661,1.018678285,0,0,0.00970075,872.06,-7.352,58.262,124
Age-1_Oct_equiv,D522,3128.391646,18.55486459,132.3657627,1.795285373,1543.008948,1.958787677,0.176338593,0.132859172,0.131802267,0.064592943,0.899674445,1.260613335,0,1.018795406,0,0.002331329,0,830.84,-6.704,57.129,123
Age-1_Oct_equiv,D852,3455.984137,27.02624894,273.1101566,1.878832524,1427.895456,2.198193727,0.578741512,0.156892876,0.130019417,0.183361248,1.218047792,1.444060029,0,1,0,0.002601225,0.014441707,767.82,-6.704,57.129,123
Age-1_Oct_equiv,D1042,3644.63363,25.90985846,196.151157,15.75722131,705.4028655,1.159594258,0.666459806,0.105732488,0.403515767,0.090297785,0.716294786,1.545524575,0.078908751,1.003802475,0,0.000369927,0.012956646,713.84,-5.419,58.673,127
Age-1_Oct_equiv,D2225,3178.982667,25.98237168,162.7485368,10.56686709,1633.037849,7.026064035,0.313661615,0.214576538,0.523450209,0.108603614,0.951832345,1.549966233,0,1.028996667,0.102927676,0.001439955,0,722.4,-3.711,54.273,135
Age-1_Oct_equiv,D421,3456.330686,28.0185116,265.4805201,1.821509996,1414.266414,14.84501575,0.440900564,0.173428197,0.218841723,0.053248351,1.004438654,1.407205104,0.235395189,1,0,0.000425539,0.748707687,1018.21,-6.761,56.188,122
Age-1_Oct_equiv,D694,3619.250121,24.5535246,255.5368629,1.48942823,1068.971292,1.587552163,0.402327588,0.117964697,0.333782865,0.054077641,0.933650808,1.254205936,0.228567395,1.022142926,0.110518844,0.002246428,0.003030114,844.33,-7.352,58.262,124
Age-1_Oct_equiv,D1819,3433.280104,26.70382872,241.9123209,3.751588528,1741.04752,31.61343572,0.612273187,0.12020227,0.256804918,0.088826947,0.828237216,1.619195341,0.324430459,1.050308028,0,0.003595277,0.007479558,537.37,-5.69,53.626,136
Age-1_Oct_equiv,D2312,3456.352496,28.05688708,141.8372302,1.295273427,1150.655321,5.508334858,0.515402015,0.195642882,0.380183647,0.072978196,0.926815259,1.405416036,43.05855072,1.003872656,0.033418693,0.002473283,0,582.65,-5.69,53.626,136
Age-1_Oct_equiv,D1794,3504.431868,23.07363783,292.8729526,2.686672986,1821.536328,2.222493567,0.331165526,0.18094466,0.237480211,0.111534013,0.923477304,1.203345529,0.191203472,1.008100872,0.101426968,0.000708732,0.010473985,678.35,-5.69,53.626,136
Age-1_Oct_equiv,D244,3432.686563,25.67736559,317.3361815,4.900679368,1573.788466,14.64848296,0.401960153,0.141737207,0.397686773,0.079417164,1.239796181,1.334755611,0,1,4.48255226,0.007030665,0.016855445,478.76,-5.223,55.414,121
Age-1_Oct_equiv,D1088,3214.615446,19.2543689,261.6102267,0.76449276,1643.994524,2.465428561,0.190859766,0.092534281,0.351294031,0.042214412,0.971831586,1.347258179,0,1,0,0.00594306,0.001082057,1355.65,-5.419,58.673,127
Age-1_Oct_equiv,D1826,3333.803011,20.61331248,188.5307809,2.434311234,1163.760551,2.855131462,0.158527642,0.126735423,0.37934959,0.072057527,0.593167623,1.39963928,2.955472522,1.019255505,0.143350234,0.001699375,0,454.03,-5.69,53.626,136
Age-1_Oct_equiv,D2247,3416.865157,27.70993989,169.7573185,18.14510668,1878.178467,6.926325615,0.830873533,0.18296919,0.353271604,0.017245807,1.014784379,1.484401762,0.324026963,1.027665309,0.068094451,0.004239467,0,620.3,-3.711,54.273,135
Age-1_Oct_equiv,D2261,4295.301174,26.38188524,350.3250819,16.72489026,219.6264696,8.398372647,0.217018097,0.142027352,0.060808371,0.050109185,0.938733925,1.510744212,0,1,0,0.001249354,0,782.88,-3.711,54.273,135
Age-1_Oct_equiv,D983,3384.512223,26.48733324,160.9505137,2.447172564,1344.533004,11.71759785,0.293154797,0.184647173,0.113340825,0.072918086,0.952478404,1.479281221,0,1.020158315,0.023903991,0.005747812,0,417.6,-3.763,53.482,126
Age-1_Oct_equiv,D691,3456.203107,23.30799784,223.1773986,1.796358387,1091.422092,1.525195394,0.402253414,0.094997692,0.311563915,0.087611225,1.009333063,1.570942107,0.420236431,1.018302835,0.095829412,0.003817973,0.001861535,755.84,-7.352,58.262,124
Age-1_Oct_equiv,D2215,3530.588018,27.76971778,435.4889765,2.357737147,811.6775289,7.064259718,0.187631126,0.142547249,0.064550265,0.049141066,1.047927509,1.555753071,0,1.032553924,0.045532822,0,0,581.16,-3.711,54.273,135
Age-1_Oct_equiv,D289,3527.120131,32.76358134,393.8799087,5.705162349,2031.312783,4.004586913,0.474932998,0.182641269,0.230606172,0.071707353,0.762693339,1.25595419,0.009694459,1.013211777,0,0.010202228,0.009170563,879.86,-5.223,55.414,121
Age-1_Oct_equiv,D2256,4016.528532,32.42465829,297.058504,6.915077733,1687.894805,27.09815356,0.417204449,0.669920221,3.040464649,0.305313082,0.928186681,1.370055123,0.217513327,1.01317625,0,0,0.008908133,528.41,-3.711,54.273,135
Age-1_Oct_equiv,D203,3517.539205,21.35212579,115.1453231,7.46636284,1961.43537,3.273294119,0.195172723,0.213851045,0.426878874,0.064159355,1.047632356,1.272973034,0.763090631,1,0.305298313,0.002453806,0,689.17,-5.223,55.414,121
Age-1_Oct_equiv,D112,3281.867498,19.23576577,352.5961063,0.903306064,1212.378672,3.407393123,0.354254077,0.109873789,0.325490513,0.088092548,1.035951319,1.396068015,0.254431182,1.011586185,0.005099252,0.000700717,0,798.81,-5.89,58.005,117
Age-1_Oct_equiv,D675,3170.11437,24.55471498,327.9275693,3.627171989,1240.313297,1.233550797,0.360579458,0.233481726,0.468228239,0.103069127,1.000515983,1.260954412,0.411151446,1.027420732,0,0.00357071,0.002200994,804.13,-7.352,58.262,124
Age-1_Oct_equiv,D817,3274.005509,27.90451346,313.8441084,2.877911007,1192.436047,2.189952863,0.314241187,0.253382825,0.896943247,0.154505332,1.250580769,1.244648875,0.509488056,1.00909423,0,0.002806918,0,799.96,-6.704,57.129,123
Age-1_Oct_equiv,D395,3149.234072,22.64809214,219.5646359,2.525393725,2591.939958,3.078533694,0.134197706,0.165179218,0.190166407,0.055007964,0.717168156,1.50217194,0,1.025738303,0,0.002786674,0,911.42,-6.761,56.188,122
Age-1_Oct_equiv,D209,3411.116784,24.91435563,456.4540227,6.867814719,1287.233947,11.89559781,0.152595737,0.147976315,0.277406136,0.079336925,0.587480094,1.364457487,0,1.016232235,0,0.003045059,0.000921102,691.1,-5.223,55.414,121
Age-1_Oct_equiv,D406,2348.257359,18.47784733,180.0284756,10.01405698,2449.193446,1.490977923,0.105908179,0.157006871,0.204878625,0.032914162,1.000788308,1.16176373,0,1.012404735,0,0.001172253,0,1276.39,-6.761,56.188,122
Age-1_Oct_equiv,D121,3505.03533,23.36312002,399.9319655,3.751238856,1341.716957,5.330911293,0.21382788,0.163983364,0.374294336,0.114344815,1.011898596,1.370847597,0,1.023081051,0.00598986,0.001142403,0.001750547,617.62,-5.89,58.005,117
Age-1_Oct_equiv,D590,3208.936961,29.14073163,241.8003337,23.72159396,2019.017923,11.06385327,0.449047421,0.163434969,0.512904866,0.090644853,0.805569023,3.278885853,0.146771153,1.029497279,0.042281862,0.001480295,0.010952857,467.52,-8.683,57.309,118
Age-1_Oct_equiv,D279,3074.185317,26.1843689,284.2802452,8.487004833,1822.279109,12.88314771,0.151899185,0.144435404,0.594616271,0.076201873,0.809842275,1.417603583,0,1.017499731,0.037334233,0.001159345,0.012417692,625.87,-5.223,55.414,121
Age-1_Oct_equiv,D757,3411.44644,27.98296742,281.6552454,1.681287592,1255.502324,1.636403548,0.250878292,0.232174063,3.805480852,0.133336112,0.915067085,1.365535459,0.760251317,1.000414382,0.155636619,0.000273329,0.011373005,970.43,-6.704,57.129,123
Age-1_Oct_equiv,D1801,3251.689468,24.72279972,211.4089951,3.292830584,2143.769958,3.380598232,0.195971183,0.135685734,0.253203616,0.060494604,0.892495556,1.256929313,0.592979116,1.005387078,0,0.002902439,0.005830205,834.85,-5.69,53.626,136
Age-1_Oct_equiv,D2271,3118.876839,22.26996297,229.4359771,3.463471725,2290.607905,1.769169736,0.087873322,0.146555628,0.130342952,0.045720244,0.938517424,1.330231908,0.027105775,1,0,0.000612211,0,854.62,-5.69,53.626,136
Age-1_Oct_equiv,D564,3223.387416,24.53077038,222.5355685,4.8816106,1779.721061,1.63123852,0.246255714,0.103344663,0.098512913,0.047474711,0.942627188,1.269241244,0.251160203,1.022758183,0,0.001383548,0,840.42,-8.683,57.309,118
Age-1_Oct_equiv,D819,3078.52654,26.13080483,205.6083205,3.219460702,3218.541454,0.901518197,0.220138611,0.109707694,0.214923308,0.087493925,0.886316055,1.270641176,0,1,0.019532183,0.000937503,0.004474374,988.76,-6.704,57.129,123
Age-1_Oct_equiv,D698,3622.737686,27.52803133,369.8820172,1.891284989,1080.271676,3.886577756,0.294724071,0.185976252,1.844260872,0.101375059,1.121036738,1.276004957,1.311452202,1.025375833,0,0.001961675,0.000920064,896.68,-7.352,58.262,124
Age-1_Oct_equiv,D281,3474.954826,24.80647596,258.1117193,3.620502607,1058.930004,2.480898851,0.172401613,0.113654246,0.374406092,0.053817194,0.854221476,4.189498379,0.209192538,1.009236731,0.045713071,0,0.001150258,774.77,-5.223,55.414,121
Age-1_Oct_equiv,D784,3209.592091,18.89443345,164.7483092,4.011129272,1408.476938,1.254996855,0.11098567,0.114952846,0.858577725,0.076504237,0.858012461,1.466776625,0.113558189,1.01903816,0,0.001635747,0.003815582,806.17,-6.704,57.129,123
Age-1_Oct_equiv,D961,3744.094683,26.73147708,492.5279091,3.515303257,568.4404058,8.128147773,0.169697699,0.117519256,0.158358984,0.085377431,0.841704027,1.35363789,0,1.015598374,0,0,0,517.65,-3.763,53.482,126
Age-1_Oct_equiv,D812,3548.842372,26.19907504,265.9684766,1.305101748,987.496107,1.39714033,0.192936023,0.112205656,0.331160442,0.067777791,0.880883775,1.295247217,0,1.008545498,0.057364737,0.002690663,0.001494068,846.08,-6.704,57.129,123
Age-1_Oct_equiv,D2292,3503.276478,49.69685466,292.756896,7.813770586,1558.716325,6.50941469,0.158185537,0.120880011,0.288995315,0.033624707,0.849489097,1.424718818,0.168479995,1.013446703,0,0.004522055,0.001383636,971.53,-5.69,53.626,136
Age-1_Oct_equiv,D1719,2570.827863,21.98580167,241.8422826,2.278282345,2364.14489,1.607599255,0.079751866,0.148433325,0.479367997,0.048241969,0.852833586,1.327069786,0.010167328,1.018197853,0,0.000806023,0.000658858,667.72,-3.711,54.273,135
Age-1_Oct_equiv,D2219,3615.571797,26.89087739,277.2398371,3.883958998,1577.546361,8.687639515,0.206568481,0.115477624,1.564991138,0.07795298,0.925412631,1.637284095,0.399556125,1.011562943,0,0.000666303,0.004480755,599.98,-3.711,54.273,135
Age-1_Oct_equiv,D1111,2660.142942,9.615740166,252.9014204,1.353186326,2625.205635,0.284639927,0.102874656,0.129212196,0.290808423,0.036848802,0.857761619,1.228999444,0.01409339,1.02060464,0,0.00318726,0.004902303,1205.13,-5.419,58.673,127
Age-1_Oct_equiv,D956,3558.274775,35.25754283,270.4920688,4.176823354,1485.679986,6.532428271,0.376555581,0.304585374,4.596879575,0.116738967,0.824606194,1.406816598,0.818500746,1.006373581,0.071276115,0.002878001,0.00924801,624.89,-3.763,53.482,126
Age-1_Oct_equiv,D1103,2589.922812,9.61902172,105.2175832,1.807645125,2892.125036,0.327520725,0.078896557,0.125364384,0.938319649,0.060261632,0.886092357,1.366592537,0,1.009067494,0.010525257,0.002615451,0.003175941,1323.2,-5.419,58.673,127
Age-1_Oct_equiv,D1822,3232.510876,22.58396979,234.5016008,5.824019365,1346.968479,3.392601545,0.121051582,0.124116132,0.214254821,0.089622399,0.950783697,1.292680989,0.016169599,1.006957024,0.040177584,0.002679284,0.001763002,644.5,-5.69,53.626,136
Age-1_Oct_equiv,D807,3622.952797,29.26803193,261.2478927,2.316875025,877.4256335,2.223506007,0.238448509,0.131283451,0.643765999,0.151660165,0.859626359,1.658552683,1.514104843,1.004721927,0,0.00055504,0.000320696,767.23,-6.704,57.129,123
Age-1_Oct_equiv,D2250,3188.046013,46.30971546,444.1519329,3.552631789,1115.958198,4.291075729,0.126615901,0.484796047,0.526220767,0.0627953,0.540589042,2.244183427,0.163002195,1.106418609,0,0.013567982,0,535.53,-3.711,54.273,135
Age-1_Oct_equiv,D401,2735.784824,14.62456912,233.6302133,8.599148095,2937.931754,0.939937594,0.160505785,0.251878898,0.369078775,0.047629531,0.643740106,1.250558321,0,1.063400919,0.022852319,0.00785831,0.012161935,912.1,-6.761,56.188,122
Age-1_Oct_equiv,D2319,3621.814355,25.27919065,360.1448776,12.16544997,2076.717927,1.078952178,0.316284801,0.267059699,1.550494407,0.110729947,1.095263131,1.319051062,0.319946052,1.012391131,0.00602137,0.000305224,0.009807226,771.05,-5.69,53.626,136
Age-1_Oct_equiv,D1831,3284.449071,31.70759059,173.6007033,6.984723496,2297.920588,1.560894184,0.622061209,0.158270932,0.230659621,0.053799438,0.756230761,1.32594549,1.035343273,1.042234039,0.029386798,0.002884921,0.062472085,716.65,-5.69,53.626,136
Age-1_Oct_equiv,D2325,2173.561389,7.121855221,120.0593628,2.267175298,3617.007559,0.383631764,0.073117237,0.166273791,0.260762499,0.039572666,1.032135432,1.237821126,0,1.018817913,0.010139187,0.004261994,0.001538309,983.31,-5.69,53.626,136
Age-1_Oct_equiv,D422,2914.52099,26.62536271,499.9305369,0.857082183,1834.485887,0.1,0.162123413,0.001030741,-1.533896978,0.062921988,1.077283908,1.280084777,0,1.032445244,0,0,0,1182.46,-6.761,56.188,122
Age-1_Oct_equiv,D402,3713.868915,31.67781603,304.3790642,2.516917252,1014.524555,10.5928268,0.228354745,0.130556946,0.294937313,0.092772264,1.176356283,1.378348448,0.227056535,1.005601354,0.033753606,0,0.000513036,815.36,-6.761,56.188,122
Age-1_Oct_equiv,D513,3388.304336,25.20980629,243.1823486,1.523837973,1251.446741,1.967930833,0.212671403,0.193382735,0.421853566,0.071114235,0.979306455,1.230003277,0.093035598,1.02227752,0.04183221,0,0.004945557,729.97,-6.704,57.129,123
Age-1_Oct_equiv,D2263,3434.425437,25.91845828,201.3035505,3.006553154,1526.891631,7.673910055,0.14775076,0.161686802,0.200841009,0.039934696,0.881919414,1.435144054,0,1.001150756,0.047071633,0,0.000767186,665.07,-3.711,54.273,135
Age-1_Oct_equiv,D231,3232.846685,25.25366796,296.8598754,1.784562859,1185.059795,4.43385872,0.558874063,0.2342485,1.812008293,0.088302738,1.106915403,1.362599239,0.890706944,1.00603348,0.04910082,0,0.00692587,532.76,-5.223,55.414,121
Age-1_Oct_equiv,D266,3476.821563,27.87370617,303.4983461,4.992194383,2112.027703,3.002003621,0.544591202,0.14489293,0.107801343,0.089899215,1.058660181,1.394276832,2.365396202,1.021256702,0.063488169,0,0.031991651,858.9,-5.223,55.414,121
Age-1_Oct_equiv,D264,3462.500072,25.24067024,210.1752184,23.26574147,2129.463173,6.003537295,0.308232669,0.137795119,0.157836682,0.061155559,0.772040733,1.491228716,0.624590817,1.012606263,0,0.003602942,0.011512621,676.09,-5.223,55.414,121
Age-1_Oct_equiv,D562,3432.555605,29.28667692,228.1686337,0.880059502,1163.335411,3.186807917,0.308985775,0.120896025,0.297229105,0.075855798,0.932015798,1.521144471,1.774123631,1.007232441,0.03657056,0.000307291,0.013051222,760.33,-8.683,57.309,118
Age-1_Oct_equiv,D571,3349.218925,21.594765,284.2235983,7.73280384,1840.285445,1.814763125,0.141100618,0.162959167,0.165613069,0.099252125,0.86953873,1.454159654,0.149307398,1.010620998,0,0.001501615,0.007939114,575.84,-8.683,57.309,118
Age-1_Oct_equiv,D220,3472.83414,26.07896071,572.1126564,7.376607765,1700.410202,5.723101559,0.149862881,0.118963623,0.14683946,0.076837137,1.155086795,1.364152532,0.076571554,1,0.105768401,0,0,981.99,-5.223,55.414,121
Age-1_Oct_equiv,D371,3280.106438,32.12611055,270.7377816,8.792183135,1702.491253,9.612314645,0.479127071,0.118134334,0.135095053,0.058736995,0.781363613,1.406723053,0.028683128,1.006894604,0.022347205,0,0.004324206,727.92,-6.761,56.188,122
Age-1_Oct_equiv,D556,3570.300222,31.67162376,383.4876945,18.2879698,1873.484806,4.647663502,0.261382844,0.09573833,0.101314312,0.06039334,0.989566291,1.574251338,0,1,0,0,0,874.73,-8.683,57.309,118
Age-1_Oct_equiv,D1827,3364.724119,25.12055222,234.0522684,2.76248715,1600.262284,5.748282111,0.172994554,0.179068722,0.203132523,0.0921847,0.87848058,1.330921997,0.069531225,1,0.026682976,0.001966006,0.006821362,638.84,-5.69,53.626,136
Age-1_Oct_equiv,D758,3164.187976,29.09141749,266.9935205,7.954717241,1372.316964,1.886332183,0.119489334,0.129678089,0.285852695,0.055756475,0.908128631,1.331632393,0.191905383,1.002620084,0,0.001526225,0.001468077,904.68,-6.704,57.129,123
Age-1_Oct_equiv,D122,3144.547206,26.95725495,264.1598907,10.3644665,1661.21121,4.796033285,0.264465622,0.122407612,0.354996064,0.078125305,1.076838329,1.487304974,0.153296451,1.015495742,0.037695428,0,0.003500754,978.72,-5.89,58.005,117
Age-1_Oct_equiv,D960,3609.320043,44.17531654,383.6038391,4.041674518,1598.446198,5.698675046,0.189406926,0.186568264,0.232486257,0.055751449,1.025148167,1.561430896,0.154859992,1.001207201,0,0.000511542,0.005889889,667.22,-3.763,53.482,126
Age-1_Oct_equiv,D676,3258.51239,29.22886292,375.4694462,19.605529,1485.22162,3.741075963,0.197649366,0.134392977,0.069418957,0.039803505,0.815126861,1.633103692,0,1.004368799,0,0.00317721,0.003223867,816.17,-7.352,58.262,124
Age-1_Oct_equiv,D990,3088.976992,23.65751793,245.5712259,6.792324989,1784.916009,25.30449235,0.150589333,0.117934141,0.131794558,0.055315842,0.782125406,1.46286084,0.129392465,1.022774365,0.064211294,0.000804328,0.073996345,512.1,-3.763,53.482,126
Age-1_Oct_equiv,D717,3193.492682,32.27616841,311.315702,10.79516355,1614.033208,2.029965263,0.177081403,0.155319993,0.309074837,0.070354676,0.789627228,1.557734649,0,1.018363559,0.044762323,0.001180505,0.000377199,674.68,-7.352,58.262,124
Age-1_Oct_equiv,D238,3607.373206,29.74647402,661.9404179,1.052052075,1522.677871,4.461810681,0.1874484,0.167715109,0.247450802,0.06612927,0.834245483,1.35063088,0,1.0143901,0.115726545,0.000268625,0.004243603,823.88,-5.223,55.414,121
Age-1_Oct_equiv,D477,3454.439177,29.17751313,311.7156357,2.153310284,1693.810727,1.843194462,0.30433221,0.038759368,0.260391727,0.062765971,0.449754913,1.195481541,0,1,0.006705607,0,0,1050.43,-6.704,57.129,123
Age-1_Oct_equiv,D301,2731.783758,18.57837567,118.2977862,5.733714975,2521.160114,1.611979334,0.340029666,0.153710841,0.214085953,0.072193451,0.781094605,1.187459843,1.123734398,1.027171226,0.008218332,0,0.013689026,781.78,-6.761,56.188,122
Age-1_Oct_equiv,D1029,3463.45103,24.91346447,449.8878291,2.741749408,1786.563164,0.915708062,0.258890308,0.139684319,0.253581444,0.072457517,0.776292061,1.370118008,0.072217958,1.014520596,0.078485927,0.000299269,0.004462437,975.65,-5.419,58.673,127
Age-1_Oct_equiv,D72,3104.716224,30.98257999,199.8362544,1.657134099,1899.072086,2.670238725,0.371804927,0.17441236,0.270734412,0.097846962,0.796018312,1.308683532,0.292383733,1.003468135,0,0.002584742,0,627.99,-5.89,58.005,117
Age-1_Oct_equiv,D806,3245.863249,27.69829253,269.9392646,2.69737505,1274.718079,2.126205705,0.228335839,0.105104319,0.268858618,0.089412724,0.936701697,1.301715297,0.220888892,1.021868533,0,0.002428635,0.005094793,963.66,-6.704,57.129,123
Age-1_Oct_equiv,D125,3560.85057,27.45749574,378.1591449,3.905434858,1773.375204,5.484093536,0.331753067,0.149994974,0.254314982,0.072370177,0.957033448,1.386611905,0.098908138,1.020609659,3.412578053,0.002804956,0.009849054,794.64,-8.683,57.309,118
Age-1_Oct_equiv,D394,2879.469481,13.94551635,209.3949346,1.792843658,2444.695464,0.905528939,0.090368739,0.152309697,0.177489928,0.065577452,0.975299256,1.111053044,0,1.008261248,0.007090446,0.000609077,0.009554883,1444.47,-6.761,56.188,122
Age-1_Oct_equiv,D2243,2909.772696,22.80392674,244.0410944,5.299894881,1697.776266,78.30998271,0.175914441,0.146539881,0.732143391,0.040612723,1.002067317,1.391826919,0.002340987,1,0.015534419,0.001276807,0.003078216,319.65,-3.711,54.273,135
Age-1_Oct_equiv,D412,3385.691246,25.06021837,315.8688043,1.770076555,1074.918919,2.234934424,0.218969184,0.147283254,0.245631727,0.068913761,1.00119163,1.376877397,0,1.031492284,0.014994419,0,0.002380183,831.2,-6.761,56.188,122
Age-1_Oct_equiv,D2238,3620.000516,35.39231542,368.4206849,7.520995085,1839.91247,12.90553395,0.244543159,0.104622609,0.253888728,0.068779751,0.816419459,1.588248466,0.285096148,1,0.117128734,0,0.036578184,615.94,-3.711,54.273,135
Age-1_Oct_equiv,D399,2732.377183,17.15639719,267.4158037,4.552498005,1608.356795,1.37947348,0.077361514,0.133664622,0.201518217,0.047481235,1.020316335,1.25225492,0,1.012303957,0,0.000311717,0.001217375,989.2,-6.761,56.188,122
Age-1_Oct_equiv,D2265,3196.938751,25.60333021,258.2387015,3.410997444,475.9717981,10.16838875,0.207017739,0.103130868,0.879722987,0.085033318,1.634151943,1.730635333,0.122228536,1.018499773,0.29228031,0.001358185,0.007281828,616.63,-3.711,54.273,135
Age-1_Oct_equiv,D434,3261.949264,24.54341424,322.9191112,1.316261553,1329.644812,2.55289731,0.238100428,0.144091668,0.197316733,0.090414121,0.895209866,1.293460855,0.078572611,1.007248972,0.022388925,0.002430829,0.004265029,971.08,-6.761,56.188,122
Age-1_Oct_equiv,D225,2916.213625,22.56120656,135.4827963,3.832646782,1558.878167,9.416432686,0.17356183,0.113171244,0.060219615,0.040691257,0.827630744,1.346651721,0,1.021664068,0.007418005,0.001057524,0.001223152,518.54,-5.223,55.414,121
Age-1_Oct_equiv,D689,3541.381209,26.08585005,340.5262889,0.599538455,1068.014508,2.428238599,0.179020629,0.140741946,0.251601882,0.115138454,0.988359533,1.27496404,0,1.009581344,0.041126035,0.001884764,0,646.15,-7.352,58.262,124
Age-1_Oct_equiv,D127,3330.318223,27.59522616,330.219845,24.45265187,1386.984794,2.200241781,0.185116197,0.126377305,0.152460744,0.070380934,0.643017458,1.71873645,1.290984233,1.004495805,0,0,0.004505534,531.02,-8.683,57.309,118
Age-1_Oct_equiv,D702,3739.684724,27.48033412,429.2145537,2.161364934,1108.541302,4.434905707,0.211545841,0.159552618,0.712455504,0.100509855,0.793351329,1.353247032,0.37269534,1.007165286,0.141465065,0,0.004700276,1089.04,-7.352,58.262,124
Age-1_Oct_equiv,D2237,3416.303302,32.39598544,408.1347903,38.09477534,1836.476425,6.348335192,0.163144841,0.158000598,0.110172255,0.057932962,0.702957656,1.513855232,0,1.020610434,0.014962441,0.000353133,0,758.82,-3.711,54.273,135
Age-1_Oct_equiv,D1810,3271.666868,24.44746664,239.5118451,2.694650442,1330.484696,28.3637811,0.182402406,0.100683644,0.829103592,0.098988155,0.872852017,1.356948894,0,1,0.023224506,0.001379904,0,487.49,-5.69,53.626,136
Age-1_Oct_equiv,D706,3263.614753,24.17239133,255.6433725,1.056378212,916.9117779,5.63419354,0.179216998,0.125595566,0.461372792,0.076791888,1.070921569,-0.303873858,0.034962506,1.028756906,0,0.00207515,0.002222334,791.6,-7.352,58.262,124
Age-1_Oct_equiv,D1693b,3066.34164,29.27373654,154.0180836,5.790418399,1532.774057,7.715181008,0.111242943,0.180193389,0.146067621,0.034926748,0.665574641,1.600185418,0,1,0,0,0,835.91,-3.711,54.273,135
Age-1_Oct_equiv,D423,3295.942842,27.26190205,263.8652368,1.528185589,2041.117632,1.380812523,0.162712988,0.11699136,0.132806937,0.068067572,0.950822752,1.329905959,0.172748149,1.023124042,0.008280861,0.001787083,0,1176.9,-6.761,56.188,122
Age-1_Oct_equiv,D618,3212.817689,24.43492645,185.9036426,2.534824152,1316.80069,3.800969308,0.199018167,0.106202747,0.102531367,0.034607187,0.884665359,1.327971728,0,1.01163098,0,0.000670378,0,1026.39,-7.352,58.262,124
Age-1_Oct_equiv,D245,3219.433891,31.79287843,304.3305514,4.452755099,1842.53047,13.29937424,0.390753949,0.153109844,0.141873788,0.064404651,0.870651791,1.474109597,0,1.020180232,0.024864489,0,0,554.14,-5.223,55.414,121
Age-1_Oct_equiv,D1685b,3517.412175,37.23806307,448.0100361,14.83488116,2128.403269,17.71601765,0.201593038,0.13482782,0.102559925,0.03043757,0.800294447,1.903704388,0,1.021134213,0.040686893,0.000414045,0.037538045,684.85,-3.711,54.273,135
Age-1_Oct_equiv,D692,3516.940077,32.68977036,361.0967296,8.463635522,1202.632689,2.263269501,0.197811463,0.125189735,0.152273819,0.068148369,0.681494727,1.530328531,0.002920868,1.016361263,0.035991258,0.003226821,0.00418766,1006.14,-7.352,58.262,124
Age-1_Oct_equiv,D375,3330.258133,30.89325795,464.7670246,1.868378447,1075.52131,2.984620077,0.209587762,0.157938621,0.286658053,0.0677378,1.072293713,1.453929942,0,1.018046668,0.024537599,0.000348046,0,866.26,-6.761,56.188,122
Age-1_Oct_equiv,D2324,2285.564474,10.86691939,171.074404,3.666237891,2445.500212,1.536213966,0.097302794,0.167434843,0.215150076,0.028884631,0.81796573,1.246478964,0,1,0.056827053,0.004382461,0.004237462,836.61,-5.69,53.626,136
Age-1_Oct_equiv,D2299,2819.194589,22.02378198,101.5520883,2.232594015,1679.420994,2.567646514,0.191546248,0.137910791,0.206257301,0.028119642,0.906559978,1.224422051,0,1,0.184892829,0.005999908,0.015715956,811.13,-5.69,53.626,136
Age-1_Oct_equiv,D847,3228.63281,27.66881078,395.7305859,2.24141321,1684.41816,1.970744225,0.17931773,0.125860151,0.226617933,0.117774155,0.788134066,1.267526718,0.138350189,1.009144,0.049819522,0,0,1101.55,-6.704,57.129,123
Age-1_Oct_equiv,D2318,3242.437946,30.13013485,260.3092036,2.677489599,1274.731696,4.001301484,1.583983636,0.364303867,1.276625876,0.182827372,0.943597363,1.367418132,0.554327415,1.018789213,0.932973243,0,0.034272518,542.13,-5.69,53.626,136
Age-1_Oct_equiv,D704,3683.87486,35.90664155,415.7235471,3.372451034,1186.827589,2.447646045,0.565485492,0.210426127,0.446517957,0.179517629,1.067727451,1.550295425,0.43395759,1.0170293,0,0.002172581,0.007430098,773.13,-7.352,58.262,124
